{
 "builder": {
  "_version": "10.5b",
  "_modelsim_ini": {
   "name": "c:\\Users\\Jazoolee\\Desktop\\Quartus\\ADS_BUS\\_hdl_checker\\modelsim.ini",
   "__class__": "Path"
  },
  "_logger": "hdl_checker.builders.msim",
  "_work_folder": "c:\\Users\\Jazoolee\\Desktop\\Quartus\\ADS_BUS\\_hdl_checker",
  "_builtin_libraries": [
   {
    "name": "stratixiv_hssi",
    "case_sensitive": false,
    "__class__": "Identifier"
   },
   {
    "name": "stratixv_hssi_ver",
    "case_sensitive": false,
    "__class__": "Identifier"
   },
   {
    "name": "stratixiv",
    "case_sensitive": false,
    "__class__": "Identifier"
   },
   {
    "name": "stratixv_ver",
    "case_sensitive": false,
    "__class__": "Identifier"
   },
   {
    "name": "220model",
    "case_sensitive": false,
    "__class__": "Identifier"
   },
   {
    "name": "twentynm_hip",
    "case_sensitive": false,
    "__class__": "Identifier"
   },
   {
    "name": "cyclonev_hssi_ver",
    "case_sensitive": false,
    "__class__": "Identifier"
   },
   {
    "name": "arriav",
    "case_sensitive": false,
    "__class__": "Identifier"
   },
   {
    "name": "cyclone10lp_ver",
    "case_sensitive": false,
    "__class__": "Identifier"
   },
   {
    "name": "sgate",
    "case_sensitive": false,
    "__class__": "Identifier"
   },
   {
    "name": "stratixiv_hssi_ver",
    "case_sensitive": false,
    "__class__": "Identifier"
   },
   {
    "name": "cycloneive",
    "case_sensitive": false,
    "__class__": "Identifier"
   },
   {
    "name": "maxv_ver",
    "case_sensitive": false,
    "__class__": "Identifier"
   },
   {
    "name": "arriav_ver",
    "case_sensitive": false,
    "__class__": "Identifier"
   },
   {
    "name": "arriavgz_hssi",
    "case_sensitive": false,
    "__class__": "Identifier"
   },
   {
    "name": "sgate_ver",
    "case_sensitive": false,
    "__class__": "Identifier"
   },
   {
    "name": "arriav_hssi_ver",
    "case_sensitive": false,
    "__class__": "Identifier"
   },
   {
    "name": "arriavgz",
    "case_sensitive": false,
    "__class__": "Identifier"
   },
   {
    "name": "cycloneiv_hssi_ver",
    "case_sensitive": false,
    "__class__": "Identifier"
   },
   {
    "name": "arriaii_hssi",
    "case_sensitive": false,
    "__class__": "Identifier"
   },
   {
    "name": "twentynm_ver",
    "case_sensitive": false,
    "__class__": "Identifier"
   },
   {
    "name": "arriaii_ver",
    "case_sensitive": false,
    "__class__": "Identifier"
   },
   {
    "name": "fiftyfivenm_ver",
    "case_sensitive": false,
    "__class__": "Identifier"
   },
   {
    "name": "altera",
    "case_sensitive": false,
    "__class__": "Identifier"
   },
   {
    "name": "stratixiv_ver",
    "case_sensitive": false,
    "__class__": "Identifier"
   },
   {
    "name": "arriaiigz_pcie_hip",
    "case_sensitive": false,
    "__class__": "Identifier"
   },
   {
    "name": "220model_ver",
    "case_sensitive": false,
    "__class__": "Identifier"
   },
   {
    "name": "lpm",
    "case_sensitive": false,
    "__class__": "Identifier"
   },
   {
    "name": "stratixv",
    "case_sensitive": false,
    "__class__": "Identifier"
   },
   {
    "name": "stratixiv_pcie_hip_ver",
    "case_sensitive": false,
    "__class__": "Identifier"
   },
   {
    "name": "stratixiv_pcie_hip",
    "case_sensitive": false,
    "__class__": "Identifier"
   },
   {
    "name": "std",
    "case_sensitive": false,
    "__class__": "Identifier"
   },
   {
    "name": "altera_lnsim",
    "case_sensitive": false,
    "__class__": "Identifier"
   },
   {
    "name": "arriaii",
    "case_sensitive": false,
    "__class__": "Identifier"
   },
   {
    "name": "altera_lnsim_ver",
    "case_sensitive": false,
    "__class__": "Identifier"
   },
   {
    "name": "arriavgz_ver",
    "case_sensitive": false,
    "__class__": "Identifier"
   },
   {
    "name": "cyclonev_ver",
    "case_sensitive": false,
    "__class__": "Identifier"
   },
   {
    "name": "cycloneiv_pcie_hip_ver",
    "case_sensitive": false,
    "__class__": "Identifier"
   },
   {
    "name": "modelsim_lib",
    "case_sensitive": false,
    "__class__": "Identifier"
   },
   {
    "name": "cyclone10lp",
    "case_sensitive": false,
    "__class__": "Identifier"
   },
   {
    "name": "arriav_pcie_hip_ver",
    "case_sensitive": false,
    "__class__": "Identifier"
   },
   {
    "name": "arriaiigz",
    "case_sensitive": false,
    "__class__": "Identifier"
   },
   {
    "name": "cyclonev_pcie_hip_ver",
    "case_sensitive": false,
    "__class__": "Identifier"
   },
   {
    "name": "arriavgz_pcie_hip",
    "case_sensitive": false,
    "__class__": "Identifier"
   },
   {
    "name": "cycloneiv",
    "case_sensitive": false,
    "__class__": "Identifier"
   },
   {
    "name": "stratixv_hssi",
    "case_sensitive": false,
    "__class__": "Identifier"
   },
   {
    "name": "arriaiigz_hssi",
    "case_sensitive": false,
    "__class__": "Identifier"
   },
   {
    "name": "synopsys",
    "case_sensitive": false,
    "__class__": "Identifier"
   },
   {
    "name": "ieee",
    "case_sensitive": false,
    "__class__": "Identifier"
   },
   {
    "name": "twentynm_hip_ver",
    "case_sensitive": false,
    "__class__": "Identifier"
   },
   {
    "name": "cyclonev",
    "case_sensitive": false,
    "__class__": "Identifier"
   },
   {
    "name": "fiftyfivenm",
    "case_sensitive": false,
    "__class__": "Identifier"
   },
   {
    "name": "twentynm_hssi",
    "case_sensitive": false,
    "__class__": "Identifier"
   },
   {
    "name": "maxii_ver",
    "case_sensitive": false,
    "__class__": "Identifier"
   },
   {
    "name": "stratixv_pcie_hip_ver",
    "case_sensitive": false,
    "__class__": "Identifier"
   },
   {
    "name": "maxii",
    "case_sensitive": false,
    "__class__": "Identifier"
   },
   {
    "name": "vital2000",
    "case_sensitive": false,
    "__class__": "Identifier"
   },
   {
    "name": "cycloneive_ver",
    "case_sensitive": false,
    "__class__": "Identifier"
   },
   {
    "name": "maxv",
    "case_sensitive": false,
    "__class__": "Identifier"
   },
   {
    "name": "altera_ver",
    "case_sensitive": false,
    "__class__": "Identifier"
   },
   {
    "name": "stratixv_pcie_hip",
    "case_sensitive": false,
    "__class__": "Identifier"
   },
   {
    "name": "arriaii_pcie_hip",
    "case_sensitive": false,
    "__class__": "Identifier"
   },
   {
    "name": "arriaii_pcie_hip_ver",
    "case_sensitive": false,
    "__class__": "Identifier"
   },
   {
    "name": "arriavgz_hssi_ver",
    "case_sensitive": false,
    "__class__": "Identifier"
   },
   {
    "name": "twentynm",
    "case_sensitive": false,
    "__class__": "Identifier"
   },
   {
    "name": "cycloneiv_pcie_hip",
    "case_sensitive": false,
    "__class__": "Identifier"
   },
   {
    "name": "arriaiigz_hssi_ver",
    "case_sensitive": false,
    "__class__": "Identifier"
   },
   {
    "name": "cycloneiv_hssi",
    "case_sensitive": false,
    "__class__": "Identifier"
   },
   {
    "name": "altera_mf",
    "case_sensitive": false,
    "__class__": "Identifier"
   },
   {
    "name": "arriavgz_pcie_hip_ver",
    "case_sensitive": false,
    "__class__": "Identifier"
   },
   {
    "name": "std_developerskit",
    "case_sensitive": false,
    "__class__": "Identifier"
   },
   {
    "name": "arriaiigz_pcie_hip_ver",
    "case_sensitive": false,
    "__class__": "Identifier"
   },
   {
    "name": "altera_mf_ver",
    "case_sensitive": false,
    "__class__": "Identifier"
   },
   {
    "name": "sv_std",
    "case_sensitive": false,
    "__class__": "Identifier"
   },
   {
    "name": "cycloneiv_ver",
    "case_sensitive": false,
    "__class__": "Identifier"
   },
   {
    "name": "arriaiigz_ver",
    "case_sensitive": false,
    "__class__": "Identifier"
   },
   {
    "name": "verilog",
    "case_sensitive": false,
    "__class__": "Identifier"
   },
   {
    "name": "lpm_ver",
    "case_sensitive": false,
    "__class__": "Identifier"
   },
   {
    "name": "twentynm_hssi_ver",
    "case_sensitive": false,
    "__class__": "Identifier"
   },
   {
    "name": "arriaii_hssi_ver",
    "case_sensitive": false,
    "__class__": "Identifier"
   }
  ],
  "_added_libraries": [
   {
    "name": "default_library",
    "case_sensitive": false,
    "__class__": "Identifier"
   }
  ],
  "__class__": "MSim"
 },
 "config_file": [
  {
   "name": "C:\\Users\\Jazoolee\\AppData\\Local\\Temp\\hdl_checker_project_pid17136_76t2an5x.json",
   "__class__": "Path"
  },
  1759574030.6617508,
  "generated"
 ],
 "database": {
  "sources": [
   {
    "path": {
     "name": "c:\\Users\\Jazoolee\\Desktop\\Quartus\\ADS_BUS\\slave1.sv",
     "__class__": "Path"
    },
    "mtime": 1759573139.6292944,
    "flags": {
     "source_specific": [],
     "single": [],
     "dependencies": []
    },
    "dependencies": [],
    "diags": []
   },
   {
    "path": {
     "name": "C:\\Users\\Jazoolee\\AppData\\Local\\Temp\\tmpasbuatwz.sv",
     "__class__": "TemporaryPath"
    },
    "mtime": 1759574082.0058894,
    "flags": {
     "source_specific": [],
     "single": [],
     "dependencies": []
    },
    "dependencies": [],
    "diags": []
   },
   {
    "path": {
     "name": "c:\\Users\\Jazoolee\\Desktop\\Quartus\\ADS_BUS\\address_decoder.sv",
     "__class__": "Path"
    },
    "mtime": 1759573104.7984576,
    "flags": {
     "source_specific": [],
     "single": [],
     "dependencies": []
    },
    "dependencies": [],
    "diags": []
   },
   {
    "path": {
     "name": "C:\\Users\\Jazoolee\\AppData\\Local\\Temp\\tmpqgv8095z.sv",
     "__class__": "TemporaryPath"
    },
    "mtime": 1759574083.964052,
    "flags": {
     "source_specific": [],
     "single": [],
     "dependencies": []
    },
    "dependencies": [],
    "diags": []
   },
   {
    "path": {
     "name": "C:\\Users\\Jazoolee\\AppData\\Local\\Temp\\tmppwxmnp11.sv",
     "__class__": "TemporaryPath"
    },
    "mtime": 1759574058.8809004,
    "flags": {
     "source_specific": [],
     "single": [],
     "dependencies": []
    },
    "dependencies": [],
    "diags": []
   },
   {
    "path": {
     "name": "C:\\Users\\Jazoolee\\AppData\\Local\\Temp\\tmprrbchjzx.sv",
     "__class__": "TemporaryPath"
    },
    "mtime": 1759574062.6611063,
    "flags": {
     "source_specific": [],
     "single": [],
     "dependencies": []
    },
    "dependencies": [],
    "diags": []
   },
   {
    "path": {
     "name": "c:\\Users\\Jazoolee\\Desktop\\Quartus\\ADS_BUS\\arbiter.sv",
     "__class__": "Path"
    },
    "mtime": 1759573081.633161,
    "flags": {
     "source_specific": [],
     "single": [],
     "dependencies": []
    },
    "dependencies": [],
    "diags": []
   },
   {
    "path": {
     "name": "C:\\Users\\Jazoolee\\AppData\\Local\\Temp\\tmpuaca_qmw.sv",
     "__class__": "TemporaryPath"
    },
    "mtime": 1759574070.8911953,
    "flags": {
     "source_specific": [],
     "single": [],
     "dependencies": []
    },
    "dependencies": [],
    "diags": []
   },
   {
    "path": {
     "name": "C:\\Users\\Jazoolee\\AppData\\Local\\Temp\\tmpqrgeuvxq.sv",
     "__class__": "TemporaryPath"
    },
    "mtime": 1759574083.266743,
    "flags": {
     "source_specific": [],
     "single": [],
     "dependencies": []
    },
    "dependencies": [],
    "diags": []
   },
   {
    "path": {
     "name": "c:\\Users\\Jazoolee\\Desktop\\Quartus\\ADS_BUS\\master1.sv",
     "__class__": "Path"
    },
    "mtime": 1759574081.0029645,
    "flags": {
     "source_specific": [],
     "single": [],
     "dependencies": []
    },
    "dependencies": [],
    "diags": []
   },
   {
    "path": {
     "name": "c:\\Users\\Jazoolee\\Desktop\\Quartus\\ADS_BUS\\ADS_BUS.sv",
     "__class__": "Path"
    },
    "mtime": 1759573040.7605836,
    "flags": {
     "source_specific": [],
     "single": [],
     "dependencies": []
    },
    "dependencies": [],
    "diags": []
   },
   {
    "path": {
     "name": "C:\\Users\\Jazoolee\\AppData\\Local\\Temp\\tmp2ldcoo15.sv",
     "__class__": "TemporaryPath"
    },
    "mtime": 1759574061.4628842,
    "flags": {
     "source_specific": [],
     "single": [],
     "dependencies": []
    },
    "dependencies": [],
    "diags": []
   }
  ],
  "inferred_libraries": [
   {
    "name": "c:\\Users\\Jazoolee\\Desktop\\Quartus\\ADS_BUS\\slave1.sv",
    "__class__": "Path"
   },
   {
    "name": "C:\\Users\\Jazoolee\\AppData\\Local\\Temp\\tmp7zad0lzu.sv",
    "__class__": "Path"
   },
   {
    "name": "C:\\Users\\Jazoolee\\AppData\\Local\\Temp\\tmp5uph7jo_.sv",
    "__class__": "Path"
   },
   {
    "name": "C:\\Users\\Jazoolee\\AppData\\Local\\Temp\\tmpasbuatwz.sv",
    "__class__": "Path"
   },
   {
    "name": "c:\\Users\\Jazoolee\\Desktop\\Quartus\\ADS_BUS\\address_decoder.sv",
    "__class__": "Path"
   },
   {
    "name": "C:\\Users\\Jazoolee\\AppData\\Local\\Temp\\tmpqgv8095z.sv",
    "__class__": "Path"
   },
   {
    "name": "C:\\Users\\Jazoolee\\AppData\\Local\\Temp\\tmppwxmnp11.sv",
    "__class__": "Path"
   },
   {
    "name": "C:\\Users\\Jazoolee\\AppData\\Local\\Temp\\tmprrbchjzx.sv",
    "__class__": "Path"
   },
   {
    "name": "c:\\Users\\Jazoolee\\Desktop\\Quartus\\ADS_BUS\\arbiter.sv",
    "__class__": "Path"
   },
   {
    "name": "C:\\Users\\Jazoolee\\AppData\\Local\\Temp\\tmpuaca_qmw.sv",
    "__class__": "Path"
   },
   {
    "name": "C:\\Users\\Jazoolee\\AppData\\Local\\Temp\\tmpqrgeuvxq.sv",
    "__class__": "Path"
   },
   {
    "name": "c:\\Users\\Jazoolee\\Desktop\\Quartus\\ADS_BUS\\master1.sv",
    "__class__": "Path"
   },
   {
    "name": "c:\\Users\\Jazoolee\\Desktop\\Quartus\\ADS_BUS\\ADS_BUS.sv",
    "__class__": "Path"
   },
   {
    "name": "C:\\Users\\Jazoolee\\AppData\\Local\\Temp\\tmp2ldcoo15.sv",
    "__class__": "Path"
   },
   {
    "name": "C:\\Users\\Jazoolee\\AppData\\Local\\Temp\\tmphg01aoqs.sv",
    "__class__": "Path"
   }
  ],
  "design_units": [
   {
    "owner": {
     "name": "C:\\Users\\Jazoolee\\AppData\\Local\\Temp\\tmpqgv8095z.sv",
     "__class__": "TemporaryPath"
    },
    "type_": "entity",
    "name": {
     "name": "master1",
     "case_sensitive": true,
     "__class__": "VerilogIdentifier"
    },
    "locations": [
     [
      0,
      6
     ]
    ],
    "__class__": "VerilogDesignUnit"
   },
   {
    "owner": {
     "name": "C:\\Users\\Jazoolee\\AppData\\Local\\Temp\\tmp2ldcoo15.sv",
     "__class__": "TemporaryPath"
    },
    "type_": "entity",
    "name": {
     "name": "master",
     "case_sensitive": true,
     "__class__": "VerilogIdentifier"
    },
    "locations": [
     [
      0,
      6
     ]
    ],
    "__class__": "VerilogDesignUnit"
   },
   {
    "owner": {
     "name": "c:\\Users\\Jazoolee\\Desktop\\Quartus\\ADS_BUS\\master1.sv",
     "__class__": "Path"
    },
    "type_": "entity",
    "name": {
     "name": "master1",
     "case_sensitive": true,
     "__class__": "VerilogIdentifier"
    },
    "locations": [
     [
      0,
      6
     ]
    ],
    "__class__": "VerilogDesignUnit"
   },
   {
    "owner": {
     "name": "C:\\Users\\Jazoolee\\AppData\\Local\\Temp\\tmpqrgeuvxq.sv",
     "__class__": "TemporaryPath"
    },
    "type_": "entity",
    "name": {
     "name": "master1",
     "case_sensitive": true,
     "__class__": "VerilogIdentifier"
    },
    "locations": [
     [
      0,
      6
     ]
    ],
    "__class__": "VerilogDesignUnit"
   },
   {
    "owner": {
     "name": "C:\\Users\\Jazoolee\\AppData\\Local\\Temp\\tmprrbchjzx.sv",
     "__class__": "TemporaryPath"
    },
    "type_": "entity",
    "name": {
     "name": "master1",
     "case_sensitive": true,
     "__class__": "VerilogIdentifier"
    },
    "locations": [
     [
      0,
      6
     ]
    ],
    "__class__": "VerilogDesignUnit"
   },
   {
    "owner": {
     "name": "C:\\Users\\Jazoolee\\AppData\\Local\\Temp\\tmpasbuatwz.sv",
     "__class__": "TemporaryPath"
    },
    "type_": "entity",
    "name": {
     "name": "master1",
     "case_sensitive": true,
     "__class__": "VerilogIdentifier"
    },
    "locations": [
     [
      0,
      6
     ]
    ],
    "__class__": "VerilogDesignUnit"
   },
   {
    "owner": {
     "name": "C:\\Users\\Jazoolee\\AppData\\Local\\Temp\\tmpuaca_qmw.sv",
     "__class__": "TemporaryPath"
    },
    "type_": "entity",
    "name": {
     "name": "master1",
     "case_sensitive": true,
     "__class__": "VerilogIdentifier"
    },
    "locations": [
     [
      0,
      6
     ]
    ],
    "__class__": "VerilogDesignUnit"
   }
  ],
  "__class__": "Database"
 },
 "__version__": "0.7.4"
}